USE FOOTBALLDB;

CREATE TABLE USERS
(
	USERID VARCHAR(10) NOT NULL,
	UNAME VARCHAR(40) NULL,
	UPASSWORD VARCHAR(15) NULL,
	USTATUS BOOLEAN NOT NULL,
	CONSTRAINT PK_USER PRIMARY KEY (USERID)
);

INSERT USERS (USERID, UNAME, UPASSWORD, USTATUS) VALUES ('18127057', 'ADMIN', 'ADMINROOT123', FALSE);

CREATE TABLE STADIUM
(
	STADIUMID VARCHAR(10) NOT NULL,
	SNAME VARCHAR(40) NULL,
	CITY VARCHAR(10) NULL,
	YEAROFBEGINNING INT NULL,
	CONSTRAINT PK__STADIUM__7E6CC920 PRIMARY KEY (STADIUMID)
);

INSERT STADIUM
	(STADIUMID, SNAME, CITY, YEAROFBEGINNING)
VALUES
	('STD01', 'CRAVEN COTTAGE', 'CRAVEN COT', NULL);
INSERT STADIUM
	(STADIUMID, SNAME, CITY, YEAROFBEGINNING)
VALUES
	('STD02', 'LOFTUS ROAD', 'LOFTUS ROA', NULL);
INSERT STADIUM
	(STADIUMID, SNAME, CITY, YEAROFBEGINNING)
VALUES
	('STD03', 'MADEJSKI STADIUM', 'MADEJSKI S', NULL);
INSERT STADIUM
	(STADIUMID, SNAME, CITY, YEAROFBEGINNING)
VALUES
	('STD04', 'THE HAWTHORNS', 'THE HAWTHO', NULL);
INSERT STADIUM
	(STADIUMID, SNAME, CITY, YEAROFBEGINNING)
VALUES
	('STD05', 'UPTON PARK', 'UPTON PARK', NULL);
INSERT STADIUM
	(STADIUMID, SNAME, CITY, YEAROFBEGINNING)
VALUES
	('STD06', 'EMIRATES STADIUM', 'EMIRATES S', NULL);
INSERT STADIUM
	(STADIUMID, SNAME, CITY, YEAROFBEGINNING)
VALUES
	('STD07', 'ST JAMES'' PARK', 'ST JAMES''', NULL);
INSERT STADIUM
	(STADIUMID, SNAME, CITY, YEAROFBEGINNING)
VALUES
	('STD08', 'DW STADIUM', 'DW STADIUM', NULL);
INSERT STADIUM
	(STADIUMID, SNAME, CITY, YEAROFBEGINNING)
VALUES
	('STD09', 'ETIHAD STADIUM', 'ETIHAD STA', NULL);
INSERT STADIUM
	(STADIUMID, SNAME, CITY, YEAROFBEGINNING)
VALUES
	('STD10', 'GOODISON PARK', 'GOODISON P', NULL);
INSERT STADIUM
	(STADIUMID, SNAME, CITY, YEAROFBEGINNING)
VALUES
	('STD11', 'STAMFORD BRIDGE', 'STAMFORD B', NULL);
INSERT STADIUM
	(STADIUMID, SNAME, CITY, YEAROFBEGINNING)
VALUES
	('STD12', 'THE LIBERTY STADIUM', 'THE LIBERT', NULL);
INSERT STADIUM
	(STADIUMID, SNAME, CITY, YEAROFBEGINNING)
VALUES
	('STD13', 'VILLA PARK', 'VILLA PARK', NULL);
INSERT STADIUM
	(STADIUMID, SNAME, CITY, YEAROFBEGINNING)
VALUES
	('STD14', 'OLD TRAFFORD', 'OLD TRAFFO', NULL);
INSERT STADIUM
	(STADIUMID, SNAME, CITY, YEAROFBEGINNING)
VALUES
	('STD15', 'CARROW ROAD', 'CARROW ROA', NULL);
INSERT STADIUM
	(STADIUMID, SNAME, CITY, YEAROFBEGINNING)
VALUES
	('STD16', 'ST. MARY''S STADIUM', 'ST. MARY''S', NULL);
INSERT STADIUM
	(STADIUMID, SNAME, CITY, YEAROFBEGINNING)
VALUES
	('STD17', 'WHITE HART LANE', 'WHITE HART', NULL);
INSERT STADIUM
	(STADIUMID, SNAME, CITY, YEAROFBEGINNING)
VALUES
	('STD18', 'BRITANNIA STADIUM', 'BRITANNIA', NULL);
INSERT STADIUM
	(STADIUMID, SNAME, CITY, YEAROFBEGINNING)
VALUES
	('STD19', 'ANFIELD', 'ANFIELD, L', NULL);
INSERT STADIUM
	(STADIUMID, SNAME, CITY, YEAROFBEGINNING)
VALUES
	('STD20', 'STADIUM OF LIGHT', 'STADIUM OF', NULL);



CREATE TABLE COACH
(
	COACHID INT NOT NULL,
	CFULLNAME VARCHAR(40) NULL,
	YEAROFBIRTH INT NULL,
	NATIONALITY VARCHAR(40) NULL,
	PRIMARY KEY (COACHID)
);



INSERT COACH
	(COACHID, CFULLNAME, YEAROFBIRTH, NATIONALITY)
VALUES
	(5001, 'ROBERTO MARTÍNEZ', 1973, 'SWITZERLAND');
INSERT COACH
	(COACHID, CFULLNAME, YEAROFBIRTH, NATIONALITY)
VALUES
	(5002, 'DAVID MOYES', 1963, 'UNITED STATES');
INSERT COACH
	(COACHID, CFULLNAME, YEAROFBIRTH, NATIONALITY)
VALUES
	(5003, 'MANUEL PELLEGRINI', 1953, 'ENGLAND');
INSERT COACH
	(COACHID, CFULLNAME, YEAROFBIRTH, NATIONALITY)
VALUES
	(5004, 'JOSÉ MOURINHO', 1963, 'ENGLAND');
INSERT COACH
	(COACHID, CFULLNAME, YEAROFBIRTH, NATIONALITY)
VALUES
	(5005, 'MARK HUGHES', 1963, 'BELGIUM');
INSERT COACH
	(COACHID, CFULLNAME, YEAROFBIRTH, NATIONALITY)
VALUES
	(5006, 'PAOLO DI CANIO', 1968, 'SPAIN');
INSERT COACH
	(COACHID, CFULLNAME, YEAROFBIRTH, NATIONALITY)
VALUES
	(5007, 'MAURICIO POCHETTINO', 1972, 'SPAIN');
INSERT COACH
	(COACHID, CFULLNAME, YEAROFBIRTH, NATIONALITY)
VALUES
	(5008, 'IAN HOLLOWAY', 1963, 'ENGLAND');
INSERT COACH
	(COACHID, CFULLNAME, YEAROFBIRTH, NATIONALITY)
VALUES
	(5009, 'ANDRÉ VILLAS-BOAS', 1977, 'MEXICO');
INSERT COACH
	(COACHID, CFULLNAME, YEAROFBIRTH, NATIONALITY)
VALUES
	(5010, 'MICHAEL LAUDRUP', 1964, 'ITALY');
INSERT COACH
	(COACHID, CFULLNAME, YEAROFBIRTH, NATIONALITY)
VALUES
	(5011, 'STEVE BRUCE', 1960, 'ENGLAND');
INSERT COACH
	(COACHID, CFULLNAME, YEAROFBIRTH, NATIONALITY)
VALUES
	(5012, 'STEVE CLARKE', 1963, 'ENGLAND');
INSERT COACH
	(COACHID, CFULLNAME, YEAROFBIRTH, NATIONALITY)
VALUES
	(5013, 'CHRIS HUGHTON', 1958, 'ITALY');
INSERT COACH
	(COACHID, CFULLNAME, YEAROFBIRTH, NATIONALITY)
VALUES
	(5014, 'PAUL LAMBERT', 1969, 'ENGLAND');
INSERT COACH
	(COACHID, CFULLNAME, YEAROFBIRTH, NATIONALITY)
VALUES
	(5015, 'BRENDAN RODGERS', 1973, 'PORTUGAL');
INSERT COACH
	(COACHID, CFULLNAME, YEAROFBIRTH, NATIONALITY)
VALUES
	(5016, 'MALKY MACKAY', 1972, 'ENGLAND');
INSERT COACH
	(COACHID, CFULLNAME, YEAROFBIRTH, NATIONALITY)
VALUES
	(5017, 'MARTIN JOL', 1956, 'SPAIN');
INSERT COACH
	(COACHID, CFULLNAME, YEAROFBIRTH, NATIONALITY)
VALUES
	(5018, 'SAM ALLARDYCE', 1954, 'SPAIN');
INSERT COACH
	(COACHID, CFULLNAME, YEAROFBIRTH, NATIONALITY)
VALUES
	(5019, 'ALAN PARDEW', 1961, 'BRAZIL');
INSERT COACH
	(COACHID, CFULLNAME, YEAROFBIRTH, NATIONALITY)
VALUES
	(5020, 'ARSÈNE WENGER', 1949, 'SPAIN');
INSERT COACH
	(COACHID, CFULLNAME, YEAROFBIRTH, NATIONALITY)
VALUES
	(5021, 'ÓSCAR GARCÍA', 1973, 'PORTUGAL');
INSERT COACH
	(COACHID, CFULLNAME, YEAROFBIRTH, NATIONALITY)
VALUES
	(5022, 'OWEN COYLE', 1966, 'ITALY');
INSERT COACH
	(COACHID, CFULLNAME, YEAROFBIRTH, NATIONALITY)
VALUES
	(5023, 'STEVE LOMAS', 1974, 'MEXICO');
INSERT COACH
	(COACHID, CFULLNAME, YEAROFBIRTH, NATIONALITY)
VALUES
	(5024, 'PAUL DICKOV', 1972, 'SWITZERLAND');
INSERT COACH
	(COACHID, CFULLNAME, YEAROFBIRTH, NATIONALITY)
VALUES
	(5025, 'BRIAN MCDERMOTT', 1961, 'GERMANY');
INSERT COACH
	(COACHID, CFULLNAME, YEAROFBIRTH, NATIONALITY)
VALUES
	(5026, 'NIGEL ADKINS', 1965, 'ITALY');
INSERT COACH
	(COACHID, CFULLNAME, YEAROFBIRTH, NATIONALITY)
VALUES
	(5027, 'GARY BOWYER', 1971, 'ITALY');
INSERT COACH
	(COACHID, CFULLNAME, YEAROFBIRTH, NATIONALITY)
VALUES
	(5028, 'PAUL INCE', 1967, 'SWITZERLAND');
INSERT COACH
	(COACHID, CFULLNAME, YEAROFBIRTH, NATIONALITY)
VALUES
	(5029, 'BILLY DAVIES', 1964, 'SPAIN');
INSERT COACH
	(COACHID, CFULLNAME, YEAROFBIRTH, NATIONALITY)
VALUES
	(5030, 'MARK ROBINS', 1969, 'SPAIN');
INSERT COACH
	(COACHID, CFULLNAME, YEAROFBIRTH, NATIONALITY)
VALUES
	(5031, 'DAVID FLITCROFT', 1974, 'GERMANY');
INSERT COACH
	(COACHID, CFULLNAME, YEAROFBIRTH, NATIONALITY)
VALUES
	(5032, 'HARRY REDKNAPP', 1947, 'ENGLAND');
INSERT COACH
	(COACHID, CFULLNAME, YEAROFBIRTH, NATIONALITY)
VALUES
	(5033, 'MICK MCCARTHY', 1959, 'SPAIN');
INSERT COACH
	(COACHID, CFULLNAME, YEAROFBIRTH, NATIONALITY)
VALUES
	(5034, 'SEAN DYCHE', 1971, 'SPAIN');
INSERT COACH
	(COACHID, CFULLNAME, YEAROFBIRTH, NATIONALITY)
VALUES
	(5035, 'DOUGIE FREEDMAN', 1974, 'ENGLAND');
INSERT COACH
	(COACHID, CFULLNAME, YEAROFBIRTH, NATIONALITY)
VALUES
	(5036, 'EDDIE HOWE', 1977, 'ENGLAND');
INSERT COACH
	(COACHID, CFULLNAME, YEAROFBIRTH, NATIONALITY)
VALUES
	(5037, 'GIANFRANCO ZOLA', 1966, 'SWITZERLAND');
INSERT COACH
	(COACHID, CFULLNAME, YEAROFBIRTH, NATIONALITY)
VALUES
	(5038, 'LEE CLARK', 1972, 'SWITZERLAND');
INSERT COACH
	(COACHID, CFULLNAME, YEAROFBIRTH, NATIONALITY)
VALUES
	(5039, 'DAVE JONES', 1956, 'NETHERLANDS');
INSERT COACH
	(COACHID, CFULLNAME, YEAROFBIRTH, NATIONALITY)
VALUES
	(5040, 'GARY JOHNSON', 1955, 'PORTUGAL');
INSERT COACH
	(COACHID, CFULLNAME, YEAROFBIRTH, NATIONALITY)
VALUES
	(5041, 'NIGEL PEARSON', 1963, 'PORTUGAL');
INSERT COACH
	(COACHID, CFULLNAME, YEAROFBIRTH, NATIONALITY)
VALUES
	(5042, 'CHRIS POWELL', 1969, 'GERMANY');
INSERT COACH
	(COACHID, CFULLNAME, YEAROFBIRTH, NATIONALITY)
VALUES
	(5043, 'TONY MOWBRAY', 1963, 'BRAZIL');
INSERT COACH
	(COACHID, CFULLNAME, YEAROFBIRTH, NATIONALITY)
VALUES
	(5044, 'NIGEL CLOUGH', 1966, 'ENGLAND');
INSERT COACH
	(COACHID, CFULLNAME, YEAROFBIRTH, NATIONALITY)
VALUES
	(5045, 'MARK COOPER', 1968, 'SPAIN');
INSERT COACH
	(COACHID, CFULLNAME, YEAROFBIRTH, NATIONALITY)
VALUES
	(5046, 'DAVID WEIR', 1970, 'GERMANY');
INSERT COACH
	(COACHID, CFULLNAME, YEAROFBIRTH, NATIONALITY)
VALUES
	(5047, 'KENNY JACKETT', 1962, 'BELGIUM');
INSERT COACH
	(COACHID, CFULLNAME, YEAROFBIRTH, NATIONALITY)
VALUES
	(5048, 'GRAHAM WESTLEY', 1968, 'UNITED STATES');
INSERT COACH
	(COACHID, CFULLNAME, YEAROFBIRTH, NATIONALITY)
VALUES
	(5049, 'LEE JOHNSON', 1981, 'BELGIUM');
INSERT COACH
	(COACHID, CFULLNAME, YEAROFBIRTH, NATIONALITY)
VALUES
	(5050, 'STEVEN PRESSLEY', 1973, 'SPAIN');
INSERT COACH
	(COACHID, CFULLNAME, YEAROFBIRTH, NATIONALITY)
VALUES
	(5051, 'SIMON GRAYSON', 1969, 'GERMANY');
INSERT COACH
	(COACHID, CFULLNAME, YEAROFBIRTH, NATIONALITY)
VALUES
	(5052, 'CHRIS KIWOMYA', 1969, 'SWITZERLAND');
INSERT COACH
	(COACHID, CFULLNAME, YEAROFBIRTH, NATIONALITY)
VALUES
	(5053, 'SEAN O''DRISCOLL', 1957, 'GERMANY');
INSERT COACH
	(COACHID, CFULLNAME, YEAROFBIRTH, NATIONALITY)
VALUES
	(5054, 'JOE DUNNE', 1973, 'SPAIN');
INSERT COACH
	(COACHID, CFULLNAME, YEAROFBIRTH, NATIONALITY)
VALUES
	(5055, 'RICHIE BARKER', 1975, 'ENGLAND');
INSERT COACH
	(COACHID, CFULLNAME, YEAROFBIRTH, NATIONALITY)
VALUES
	(5056, 'MARTIN ALLEN', 1965, 'PORTUGAL');
INSERT COACH
	(COACHID, CFULLNAME, YEAROFBIRTH, NATIONALITY)
VALUES
	(5057, 'STEVE EVANS', 1962, 'BRAZIL');
INSERT COACH
	(COACHID, CFULLNAME, YEAROFBIRTH, NATIONALITY)
VALUES
	(5058, 'RONNIE MOORE', 1953, 'PORTUGAL');
INSERT COACH
	(COACHID, CFULLNAME, YEAROFBIRTH, NATIONALITY)
VALUES
	(5059, 'STEVE DAVIS', 1965, 'MEXICO');
INSERT COACH
	(COACHID, CFULLNAME, YEAROFBIRTH, NATIONALITY)
VALUES
	(5060, 'PHIL PARKINSON', 1967, 'SPAIN');
INSERT COACH
	(COACHID, CFULLNAME, YEAROFBIRTH, NATIONALITY)
VALUES
	(5061, 'UWE RÖSLER', 1968, 'ENGLAND');
INSERT COACH
	(COACHID, CFULLNAME, YEAROFBIRTH, NATIONALITY)
VALUES
	(5062, 'MICKY ADAMS', 1961, 'MEXICO');
INSERT COACH
	(COACHID, CFULLNAME, YEAROFBIRTH, NATIONALITY)
VALUES
	(5063, 'DARREN FERGUSON', 1972, 'SPAIN');
INSERT COACH
	(COACHID, CFULLNAME, YEAROFBIRTH, NATIONALITY)
VALUES
	(5064, 'DEAN SMITH', 1971, 'MEXICO');
INSERT COACH
	(COACHID, CFULLNAME, YEAROFBIRTH, NATIONALITY)
VALUES
	(5065, 'GRAHAM TURNER', 1947, 'MEXICO');
INSERT COACH
	(COACHID, CFULLNAME, YEAROFBIRTH, NATIONALITY)
VALUES
	(5066, 'KARL ROBINSON', 1980, 'BELGIUM');
INSERT COACH
	(COACHID, CFULLNAME, YEAROFBIRTH, NATIONALITY)
VALUES
	(5067, 'RUSSELL SLADE', 1960, 'SPAIN');
INSERT COACH
	(COACHID, CFULLNAME, YEAROFBIRTH, NATIONALITY)
VALUES
	(5068, 'GREG ABBOTT', 1963, 'ARGENTINA');
INSERT COACH
	(COACHID, CFULLNAME, YEAROFBIRTH, NATIONALITY)
VALUES
	(5069, 'COLIN COOPER', 1967, 'SPAIN');
INSERT COACH
	(COACHID, CFULLNAME, YEAROFBIRTH, NATIONALITY)
VALUES
	(5070, 'JAMES BEATTIE‡', 1978, 'UNITED STATES');
INSERT COACH
	(COACHID, CFULLNAME, YEAROFBIRTH, NATIONALITY)
VALUES
	(5071, 'ALAN KNILL', 1961, 'SWITZERLAND');
INSERT COACH
	(COACHID, CFULLNAME, YEAROFBIRTH, NATIONALITY)
VALUES
	(5072, 'PHIL BROWN', 1959, 'ITALY');
INSERT COACH
	(COACHID, CFULLNAME, YEAROFBIRTH, NATIONALITY)
VALUES
	(5073, 'NIGEL WORTHINGTON', 1961, 'BELGIUM');
INSERT COACH
	(COACHID, CFULLNAME, YEAROFBIRTH, NATIONALITY)
VALUES
	(5074, 'WAYNE BURNETT', 1971, 'ENGLAND');
INSERT COACH
	(COACHID, CFULLNAME, YEAROFBIRTH, NATIONALITY)
VALUES
	(5075, 'KEITH HILL', 1969, 'PORTUGAL');
INSERT COACH
	(COACHID, CFULLNAME, YEAROFBIRTH, NATIONALITY)
VALUES
	(5076, 'JOHN SHERIDAN', 1964, 'ITALY');
INSERT COACH
	(COACHID, CFULLNAME, YEAROFBIRTH, NATIONALITY)
VALUES
	(5077, 'JOHN WARD', 1951, 'PORTUGAL');
INSERT COACH
	(COACHID, CFULLNAME, YEAROFBIRTH, NATIONALITY)
VALUES
	(5078, 'GRAHAM ALEXANDER', 1971, 'SPAIN');
INSERT COACH
	(COACHID, CFULLNAME, YEAROFBIRTH, NATIONALITY)
VALUES
	(5079, 'GUY WHITTINGHAM', 1964, 'NETHERLANDS');
INSERT COACH
	(COACHID, CFULLNAME, YEAROFBIRTH, NATIONALITY)
VALUES
	(5080, 'BRIAN LAWS', 1961, 'UNITED STATES');
INSERT COACH
	(COACHID, CFULLNAME, YEAROFBIRTH, NATIONALITY)
VALUES
	(5081, 'PAUL COOK', 1967, 'GERMANY');
INSERT COACH
	(COACHID, CFULLNAME, YEAROFBIRTH, NATIONALITY)
VALUES
	(5082, 'NEAL ARDLEY', 1972, 'ENGLAND');
INSERT COACH
	(COACHID, CFULLNAME, YEAROFBIRTH, NATIONALITY)
VALUES
	(5083, 'KEVIN BLACKWELL', 1958, 'SWITZERLAND');
INSERT COACH
	(COACHID, CFULLNAME, YEAROFBIRTH, NATIONALITY)
VALUES
	(5084, 'GARETH AINSWORTH', 1973, 'SWITZERLAND');
INSERT COACH
	(COACHID, CFULLNAME, YEAROFBIRTH, NATIONALITY)
VALUES
	(5085, 'GARY ROWETT', 1974, 'PORTUGAL');
INSERT COACH
	(COACHID, CFULLNAME, YEAROFBIRTH, NATIONALITY)
VALUES
	(5086, 'AIDY BOOTHROYD', 1971, 'SWITZERLAND');
INSERT COACH
	(COACHID, CFULLNAME, YEAROFBIRTH, NATIONALITY)
VALUES
	(5087, 'JUSTIN EDINBURGH', 1969, 'SPAIN');
INSERT COACH
	(COACHID, CFULLNAME, YEAROFBIRTH, NATIONALITY)
VALUES
	(5088, 'PAUL COX', 1972, 'UNITED STATES');
INSERT COACH
	(COACHID, CFULLNAME, YEAROFBIRTH, NATIONALITY)
VALUES
	(5089, 'JIM BENTLEY', 1976, 'NETHERLANDS');
INSERT COACH
	(COACHID, CFULLNAME, YEAROFBIRTH, NATIONALITY)
VALUES
	(5090, 'MARK YATES', 1970, 'MEXICO');
INSERT COACH
	(COACHID, CFULLNAME, YEAROFBIRTH, NATIONALITY)
VALUES
	(5091, 'CHRIS WILDER', 1967, 'PORTUGAL');
INSERT COACH
	(COACHID, CFULLNAME, YEAROFBIRTH, NATIONALITY)
VALUES
	(5092, 'PAUL TISDALE', 1973, 'SPAIN');


CREATE TABLE CLUB
(
	CLUBID INT NOT NULL,
	CLUBNAME VARCHAR(40) NULL,
	SHORTNAME VARCHAR(5) NULL,
	STADIUMID VARCHAR(10) NULL,
	COACHID INT NULL,
	PRIMARY KEY (CLUBID)
);

INSERT CLUB
	(CLUBID, CLUBNAME, SHORTNAME, STADIUMID, COACHID)
VALUES
	(101, 'MANCHESTER UNITED', 'MUN', 'STD14', 5002);
INSERT CLUB
	(CLUBID, CLUBNAME, SHORTNAME, STADIUMID, COACHID)
VALUES
	(102, 'MANCHESTER CITY', 'MCI', 'STD09', 5003);
INSERT CLUB
	(CLUBID, CLUBNAME, SHORTNAME, STADIUMID, COACHID)
VALUES
	(103, 'CHELSEA', 'CHE', 'STD11', 5004);
INSERT CLUB
	(CLUBID, CLUBNAME, SHORTNAME, STADIUMID, COACHID)
VALUES
	(104, 'ARSENAL', 'ARS', 'STD06', 5020);
INSERT CLUB
	(CLUBID, CLUBNAME, SHORTNAME, STADIUMID, COACHID)
VALUES
	(105, 'TOTTENHAM HOTSPUR', 'TOT', 'STD17', 5009);
INSERT CLUB
	(CLUBID, CLUBNAME, SHORTNAME, STADIUMID, COACHID)
VALUES
	(106, 'EVERTON', 'EVE', 'STD10', 5001);
INSERT CLUB
	(CLUBID, CLUBNAME, SHORTNAME, STADIUMID, COACHID)
VALUES
	(107, 'LIVERPOOL', 'LIV', 'STD19', 5015);
INSERT CLUB
	(CLUBID, CLUBNAME, SHORTNAME, STADIUMID, COACHID)
VALUES
	(108, 'WEST BROMWICH ALBION', 'WBR', 'STD04', 5012);
INSERT CLUB
	(CLUBID, CLUBNAME, SHORTNAME, STADIUMID, COACHID)
VALUES
	(109, 'SWANSEA CITY', 'SWA', 'STD12', 5010);
INSERT CLUB
	(CLUBID, CLUBNAME, SHORTNAME, STADIUMID, COACHID)
VALUES
	(110, 'WEST HAM UNITED', 'WHA', 'STD05', 5018);
INSERT CLUB
	(CLUBID, CLUBNAME, SHORTNAME, STADIUMID, COACHID)
VALUES
	(111, 'NORWICH CITY', 'NOR', 'STD15', 5013);
INSERT CLUB
	(CLUBID, CLUBNAME, SHORTNAME, STADIUMID, COACHID)
VALUES
	(112, 'FULHAM', 'FUL', 'STD01', 5017);
INSERT CLUB
	(CLUBID, CLUBNAME, SHORTNAME, STADIUMID, COACHID)
VALUES
	(113, 'STOKE CITY', 'STK', 'STD18', 5005);
INSERT CLUB
	(CLUBID, CLUBNAME, SHORTNAME, STADIUMID, COACHID)
VALUES
	(114, 'SOUTHAMPTON', 'SOU', 'STD16', 5007);
INSERT CLUB
	(CLUBID, CLUBNAME, SHORTNAME, STADIUMID, COACHID)
VALUES
	(115, 'ASTON VILLA', 'AST', 'STD13', 5014);
INSERT CLUB
	(CLUBID, CLUBNAME, SHORTNAME, STADIUMID, COACHID)
VALUES
	(116, 'NEWCASTLE UNITED', 'NEW', 'STD07', 5019);
INSERT CLUB
	(CLUBID, CLUBNAME, SHORTNAME, STADIUMID, COACHID)
VALUES
	(117, 'SUNDERLAND', 'SUN', 'STD20', 5006);
INSERT CLUB
	(CLUBID, CLUBNAME, SHORTNAME, STADIUMID, COACHID)
VALUES
	(118, 'WIGAN ATHLETIC', 'WIG', 'STD08', 5022);
INSERT CLUB
	(CLUBID, CLUBNAME, SHORTNAME, STADIUMID, COACHID)
VALUES
	(119, 'READING', 'REA', 'STD03', 5026);
INSERT CLUB
	(CLUBID, CLUBNAME, SHORTNAME, STADIUMID, COACHID)
VALUES
	(120, 'QUEENS PARK RANGERS', 'QPR', 'STD02', 5032);

CREATE TABLE PLAYER
(
	PLAYERID INT NOT NULL,
	FULLNAME VARCHAR(40) NULL,
	CLUBID INT NULL,
	DOB DATETIME NULL,
	POSITION VARCHAR(40) NULL,
	NATIONALITY VARCHAR(40) NULL,
	NUMBER NCHAR(10) NULL,
	CONSTRAINT PK__PLAYER__023D5A04 PRIMARY KEY (PLAYERID ASC)
);

INSERT INTO PLAYER
	(PLAYERID, FULLNAME, CLUBID, DOB, POSITION, NATIONALITY, NUMBER)
VALUES
	(1001, 'ANDREY ARSHAVIN', 104, NULL, 'MF', 'ARGENTINA', '19'),
	(1002, 'MIKEL ARTETA', 104, NULL, 'FW', 'PORTUGAL', '24'),
	(1003, 'SANTI CAZORLA', 104, NULL, 'GK', 'SWITZERLAND', '2'),
	(1004, 'MAROUANE CHAMAKH', 104, NULL, 'GK', 'NETHERLANDS', '23'),
	(1005, 'ANDRE DOS SANTOS', 104, NULL, 'DF', 'SWITZERLAND', '1'),
	(1006, 'ABOU DIABY', 104, NULL, 'MF', 'SPAIN', '17'),
	(1007, 'JOHAN DJOUROU', 104, NULL, 'DF', 'SPAIN', '25'),
	(1008, 'LUKASZ FABIANSKI', 104, NULL, 'DF', 'SPAIN', '22'),
	(1009, 'GERVINHO', 104, NULL, 'FW', 'BRAZIL', '3'),
	(1010, 'KIERAN GIBBS', 104, NULL, 'GK', 'SPAIN', '20'),
	(1011, 'OLIVIER GIROUD', 104, NULL, 'FW', 'GERMANY', '6'),
	(1012, 'LAURENT KOSCIELNY', 104, NULL, 'GK', 'PORTUGAL', '12'),
	(1013, 'VITO MANNONE', 104, NULL, 'DF', 'PORTUGAL', '9'),
	(1014, 'PER MERTESACKER', 104, NULL, 'DF', 'ENGLAND', '15'),
	(1015, 'LUKAS PODOLSKI', 104, NULL, 'DF', 'BRAZIL', '4'),
	(1016, 'AARON RAMSEY', 104, NULL, 'GK', 'ENGLAND', '10'),
	(1017, 'TOMAS ROSICKY', 104, NULL, 'MF', 'SPAIN', '16'),
	(1018, 'BACARY SAGNA', 104, NULL, 'FW', 'ENGLAND', '11'),
	(1019, 'SEBASTIEN SQUILLACI', 104, NULL, 'GK', 'ITALY', '7'),
	(1020, 'WOJCIECH SZCZESNY', 104, NULL, 'GK', 'NETHERLANDS', '18'),
	(1021, 'THOMAS VERMAELEN', 104, NULL, 'FW', 'MEXICO', '14'),
	(1022, 'THEO WALCOTT', 104, NULL, 'MF', 'SPAIN', '5'),
	(1023, 'CRAIG EASTMOND.', 104, NULL, 'DF', 'SPAIN', '13'),
	(1024, 'GABRIEL AGBONLAHOR', 115, NULL, 'GK', 'BELGIUM', '21'),
	(1025, 'MARC ALBRIGHTON', 115, NULL, 'FW', 'ITALY', '8'),
	(1026, 'BARRY BANNAN', 115, NULL, 'DF', 'ITALY', '19'),
	(1027, 'DARREN BENT', 115, NULL, 'FW', 'SWITZERLAND', '24'),
	(1028, 'CIARAN CLARK', 115, NULL, 'FW', 'BRAZIL', '2'),
	(1029, 'FABIAN DELPH', 115, NULL, 'DF', 'ENGLAND', '23'),
	(1030, 'RICHARD DUNNE', 115, NULL, 'FW', 'BELGIUM', '1'),
	(1031, 'KARIM EL AHMADI', 115, NULL, 'FW', 'SPAIN', '17'),
	(1032, 'SHAY GIVEN', 115, NULL, 'DF', 'ITALY', '25'),
	(1033, 'BRADLEY GUZAN', 115, NULL, 'FW', 'NETHERLANDS', '22'),
	(1034, 'CHRISTOPHER HERD', 115, NULL, 'FW', 'SPAIN', '3'),
	(1035, 'BRETT HOLMAN', 115, NULL, 'FW', 'ENGLAND', '20'),
	(1036, 'ALAN HUTTON', 115, NULL, 'GK', 'NETHERLANDS', '6'),
	(1037, 'STEPHEN IRELAND', 115, NULL, 'GK', 'ITALY', '12'),
	(1038, 'ERIC LICHAJ', 115, NULL, 'GK', 'SPAIN', '9'),
	(1039, 'MATTHEW LOWTON', 115, NULL, 'GK', 'ENGLAND', '15'),
	(1040, 'ASHLEY WESTWOOD', 115, NULL, 'MF', 'NETHERLANDS', '4'),
	(1041, 'ANDREW MARSHALL', 115, NULL, 'MF', 'SWITZERLAND', '10'),
	(1042, 'CHARLES ZOGBIA', 115, NULL, 'DF', 'ENGLAND', '16'),
	(1043, 'STILIYAN PETROV', 115, NULL, 'DF', 'ITALY', '11'),
	(1044, 'ENDA STEVENS', 115, NULL, 'FW', 'SPAIN', '7'),
	(1045, 'RON VLAAR', 115, NULL, 'GK', 'SPAIN', '18'),
	(1046, 'STEPHEN WARNOCK', 115, NULL, 'GK', 'NETHERLANDS', '14'),
	(1047, 'JOSEPH BENNETT', 115, NULL, 'MF', 'ENGLAND', '5'),
	(1048, 'CHRISTIAN BENTEKE.', 115, NULL, 'DF', 'ARGENTINA', '13'),
	(1049, 'PETR CECH', 103, NULL, 'MF', 'SPAIN', '21'),
	(1050, 'BRANISLAV IVANOVIC', 103, NULL, 'MF', 'UNITED STATES', '8'),
	(1051, 'CESAR AZPILICUETA', 103, NULL, 'MF', 'ENGLAND', '19'),
	(1052, 'ASHLEY COLE', 103, NULL, 'GK', 'ITALY', '24'),
	(1053, 'DAVID LUIZ', 103, NULL, 'MF', 'SPAIN', '2'),
	(1054, 'RAMIRES', 103, NULL, 'DF', 'PORTUGAL', '23'),
	(1055, 'FRANK LAMPARD', 103, NULL, 'DF', 'SPAIN', '1'),
	(1056, 'FERNANDO TORRES', 103, NULL, 'MF', 'PORTUGAL', '17'),
	(1057, 'JUAN MATA', 103, NULL, 'FW', 'ENGLAND', '25'),
	(1058, 'VICTOR MOSES', 103, NULL, 'GK', 'ITALY', '22'),
	(1059, 'JOHN OBI MIKEL', 103, NULL, 'GK', 'ENGLAND', '3'),
	(1060, 'FLORENT MALOUDA', 103, NULL, 'DF', 'SPAIN', '20'),
	(1061, 'PAULO FERREIRA', 103, NULL, 'MF', 'SPAIN', '6'),
	(1062, 'MARKO MARIN', 103, NULL, 'MF', 'ARGENTINA', '12'),
	(1063, 'ROSS TURNBULL', 103, NULL, 'GK', 'UNITED STATES', '9'),
	(1064, 'DANIEL STURRIDGE', 103, NULL, 'DF', 'SPAIN', '15'),
	(1065, 'GARY CAHILL', 103, NULL, 'GK', 'ITALY', '4'),
	(1066, 'JOHN TERRY', 103, NULL, 'DF', 'GERMANY', '10'),
	(1067, 'RYAN BERTRAND', 103, NULL, 'DF', 'BRAZIL', '16'),
	(1068, 'HILARIO.', 103, NULL, 'FW', 'SPAIN', '11'),
	(1069, 'VICTOR ANICHEBE', 106, NULL, 'MF', 'ENGLAND', '7'),
	(1070, 'LEIGHTON BAINES', 106, NULL, 'GK', 'ENGLAND', '18'),
	(1071, 'DARRON GIBSON', 106, NULL, 'DF', 'SWITZERLAND', '14'),
	(1072, 'ANTHONY HIBBERT', 106, NULL, 'DF', 'ARGENTINA', '5'),
	(1073, 'PHILIP JAGIELKA', 106, NULL, 'DF', 'SPAIN', '13'),
	(1074, 'PHILIP NEVILLE', 106, NULL, 'MF', 'ENGLAND', '21'),
	(1075, 'LEON OSMAN', 106, NULL, 'GK', 'SPAIN', '8'),
	(1076, 'SEAMUS COLEMAN', 106, NULL, 'GK', 'SPAIN', '19'),
	(1077, 'SYLVAIN DISTIN', 106, NULL, 'DF', 'ENGLAND', '24'),
	(1078, 'MAROUANE FELLAINI', 106, NULL, 'FW', 'MEXICO', '2'),
	(1079, 'MAGAYE GUEYE', 106, NULL, 'GK', 'GERMANY', '23'),
	(1080, 'JOHN HEITINGA', 106, NULL, 'DF', 'SPAIN', '1'),
	(1081, 'TIMOTHY HOWARD', 106, NULL, 'MF', 'ITALY', '17'),
	(1082, 'NIKICA JELAVIC', 106, NULL, 'MF', 'SPAIN', '25'),
	(1083, 'JAN MUCHA', 106, NULL, 'DF', 'SPAIN', '22'),
	(1084, 'STEVEN NAISMITH', 106, NULL, 'DF', 'ITALY', '3'),
	(1085, 'STEVEN PIENAAR', 106, NULL, 'GK', 'ENGLAND', '20'),
	(1086, 'KEVIN MIRALLAS', 106, NULL, 'MF', 'ITALY', '6'),
	(1087, 'BRYAN OVIEDO.', 106, NULL, 'DF', 'GERMANY', '12'),
	(1088, 'MARK SCHWARZER', 112, NULL, 'DF', 'ENGLAND', '9'),
	(1089, 'CSABA SOMOGYI', 112, NULL, 'FW', 'SPAIN', '15'),
	(1090, 'DAVID STOCKDALE', 112, NULL, 'GK', 'ITALY', '4'),
	(1091, 'NEIL ETHERIDGE', 112, NULL, 'MF', 'ITALY', '10'),
	(1092, 'SASCHA RIETHER', 112, NULL, 'DF', 'GERMANY', '16'),
	(1093, 'STEPHEN KELLY', 112, NULL, 'DF', 'SPAIN', '11'),
	(1094, 'AARON HUGHES', 112, NULL, 'FW', 'SPAIN', '7'),
	(1095, 'BREDE HANGELAND', 112, NULL, 'DF', 'ENGLAND', '18'),
	(1096, 'PHILIPPE SENDEROS', 112, NULL, 'MF', 'SPAIN', '14'),
	(1097, 'JOHN ARNE RIISE', 112, NULL, 'MF', 'SWITZERLAND', '5'),
	(1098, 'DAMIEN DUFF', 112, NULL, 'MF', 'ENGLAND', '13'),
	(1099, 'ASHKAN DEJAGAH', 112, NULL, 'FW', 'GERMANY', '21'),
	(1100, 'SIMON DAVIES', 112, NULL, 'FW', 'SPAIN', '8'),
	(1101, 'CHRISTOPHER BAIRD', 112, NULL, 'GK', 'SPAIN', '19'),
	(1102, 'STEVEN SIDWELL', 112, NULL, 'MF', 'ENGLAND', '24'),
	(1103, 'MAHAMADOU DIARRA', 112, NULL, 'DF', 'NETHERLANDS', '2'),
	(1104, 'BRYAN RUIZ', 112, NULL, 'FW', 'SPAIN', '23'),
	(1105, 'KIERAN RICHARDSON', 112, NULL, 'MF', 'SPAIN', '1'),
	(1106, 'MLADEN PETRIC', 112, NULL, 'FW', 'ENGLAND', '17'),
	(1107, 'HUGO RODALLEGA', 112, NULL, 'FW', 'ARGENTINA', '25'),
	(1108, 'DIMITAR BERBATOV.', 112, NULL, 'GK', 'BELGIUM', '22'),
	(1109, 'DANIEL AGGER', 107, NULL, 'MF', 'ITALY', '3'),
	(1110, 'JOE ALLEN', 107, NULL, 'DF', 'BRAZIL', '20'),
	(1111, 'OSSAMA ASSAIDI', 107, NULL, 'FW', 'SPAIN', '6'),
	(1112, 'JAMIE CARRAGHER', 107, NULL, 'DF', 'ENGLAND', '12'),
	(1113, 'SEBASTIAN COATES', 107, NULL, 'GK', 'SPAIN', '9'),
	(1114, 'JOE COLE', 107, NULL, 'DF', 'SPAIN', '15'),
	(1115, 'DONI', 107, NULL, 'GK', 'SPAIN', '4'),
	(1116, 'STEWART DOWNING', 107, NULL, 'MF', 'SPAIN', '10'),
	(1117, 'STEVEN GERRARD', 107, NULL, 'FW', 'SPAIN', '16'),
	(1118, 'PETER GULACSI', 107, NULL, 'FW', 'BRAZIL', '11'),
	(1119, 'JORDAN HENDERSON', 107, NULL, 'FW', 'ENGLAND', '7'),
	(1120, 'GLEN JOHNSON', 107, NULL, 'FW', 'SPAIN', '18'),
	(1121, 'BRADLEY JONES', 107, NULL, 'MF', 'MEXICO', '14'),
	(1122, 'JOSE ENRIQUE', 107, NULL, 'FW', 'ENGLAND', '5'),
	(1123, 'MARTIN KELLY', 107, NULL, 'FW', 'MEXICO', '13'),
	(1124, 'LUCAS LEIVA', 107, NULL, 'GK', 'ENGLAND', '21'),
	(1125, 'JOSE MANUEL REINA', 107, NULL, 'GK', 'SWITZERLAND', '8'),
	(1126, 'NURI SAHIN', 107, NULL, 'DF', 'MEXICO', '19'),
	(1127, 'MARTIN SKRTEL', 107, NULL, 'DF', 'SPAIN', '24'),
	(1128, 'LUIS SUAREZ.', 107, NULL, 'FW', 'SPAIN', '2'),
	(1129, 'JOE HART', 102, NULL, 'DF', 'SWITZERLAND', '23'),
	(1130, 'MICAH RICHARDS', 102, NULL, 'MF', 'SPAIN', '1'),
	(1131, 'VINCENT KOMPANY', 102, NULL, 'MF', 'SPAIN', '17'),
	(1132, 'PABLO ZABALETA', 102, NULL, 'MF', 'PORTUGAL', '25'),
	(1133, 'JOLEON LESCOTT', 102, NULL, 'FW', 'NETHERLANDS', '22'),
	(1134, 'JAMES MILNER', 102, NULL, 'FW', 'SPAIN', '3'),
	(1135, 'SAMIR NASRI', 102, NULL, 'MF', 'PORTUGAL', '20'),
	(1136, 'EDIN DZEKO', 102, NULL, 'MF', 'ITALY', '6'),
	(1137, 'SCOTT SINCLAIR', 102, NULL, 'GK', 'SPAIN', '12'),
	(1138, 'ALEKSANDAR KOLAROV', 102, NULL, 'GK', 'SPAIN', '9'),
	(1139, 'SERGIO AGUERO', 102, NULL, 'GK', 'SPAIN', '15'),
	(1140, 'GARETH BARRY', 102, NULL, 'MF', 'SPAIN', '4'),
	(1141, 'DAVID SILVA', 102, NULL, 'DF', 'SWITZERLAND', '10'),
	(1142, 'GAEL CLICHY', 102, NULL, 'MF', 'MEXICO', '16'),
	(1143, 'KOLO TOURE', 102, NULL, 'GK', 'SPAIN', '11'),
	(1144, 'RICHARD WRIGHT', 102, NULL, 'GK', 'SPAIN', '7'),
	(1145, 'COSTEL PANTILIMON', 102, NULL, 'DF', 'SPAIN', '18'),
	(1146, 'CARLOS TEVEZ', 102, NULL, 'MF', 'ITALY', '14'),
	(1147, 'YAYA TOURE', 102, NULL, 'DF', 'PORTUGAL', '5'),
	(1148, 'MAICON', 102, NULL, 'GK', 'ITALY', '13'),
	(1149, 'JAVI GARCIA', 102, NULL, 'MF', 'ENGLAND', '21'),
	(1150, 'MARIO BALOTELLI.', 102, NULL, 'DF', 'MEXICO', '8'),
	(1151, 'ANDERSON', 101, NULL, 'DF', 'SWITZERLAND', '19'),
	(1152, 'BEBE', 101, NULL, 'DF', 'ARGENTINA', '24'),
	(1153, 'ALEXANDER BUTTNER', 101, NULL, 'MF', 'ENGLAND', '2'),
	(1154, 'MICHAEL CARRICK', 101, NULL, 'MF', 'GERMANY', '23'),
	(1155, 'JAVIER HERNANDEZ', 101, NULL, 'MF', 'SWITZERLAND', '1'),
	(1156, 'TOM CLEVERLEY', 101, NULL, 'GK', 'ITALY', '17'),
	(1157, 'DAVID DE GEA', 101, NULL, 'DF', 'UNITED STATES', '25'),
	(1158, 'JONATHAN EVANS', 101, NULL, 'FW', 'ITALY', '22'),
	(1159, 'PATRICE EVRA', 101, NULL, 'FW', 'BRAZIL', '3'),
	(1160, 'RIO FERDINAND', 101, NULL, 'GK', 'UNITED STATES', '20'),
	(1161, 'DARREN FLETCHER', 101, NULL, 'DF', 'ITALY', '6'),
	(1162, 'RYAN GIGGS', 101, NULL, 'DF', 'SPAIN', '12'),
	(1163, 'SHINJI KAGAWA', 101, NULL, 'GK', 'SPAIN', '9'),
	(1164, 'ANDERS LINDEGAARD', 101, NULL, 'DF', 'BELGIUM', '15'),
	(1165, 'NANI', 101, NULL, 'MF', 'ENGLAND', '4'),
	(1166, 'RAFAEL DA SILVA', 101, NULL, 'DF', 'ENGLAND', '10'),
	(1167, 'WAYNE ROONEY', 101, NULL, 'MF', 'NETHERLANDS', '16'),
	(1168, 'PAUL SCHOLES', 101, NULL, 'FW', 'ITALY', '11'),
	(1169, 'CHRIS SMALLING', 101, NULL, 'DF', 'SPAIN', '7'),
	(1170, 'LUIS ANTONIO VALENCIA', 101, NULL, 'GK', 'ENGLAND', '18'),
	(1171, 'ROBIN VAN PERSIE', 101, NULL, 'FW', 'GERMANY', '14'),
	(1172, 'NEMANJA VIDIC', 101, NULL, 'DF', 'SWITZERLAND', '5'),
	(1173, 'DANIEL WELBECK', 101, NULL, 'FW', 'SPAIN', '13'),
	(1174, 'ASHLEY YOUNG.', 101, NULL, 'MF', 'SPAIN', '21'),
	(1175, 'ROMAIN AMALFITANO', 116, NULL, 'FW', 'PORTUGAL', '8'),
	(1176, 'SHOLA AMEOBI', 116, NULL, 'GK', 'NETHERLANDS', '19'),
	(1177, 'VURNON ANITA', 116, NULL, 'DF', 'ENGLAND', '24'),
	(1178, 'DEMBA BA', 116, NULL, 'MF', 'SPAIN', '2'),
	(1179, 'HATEM BEN ARFA', 116, NULL, 'GK', 'MEXICO', '23'),
	(1180, 'YOHAN CABAYE', 116, NULL, 'MF', 'BELGIUM', '1'),
	(1181, 'PAPISS CISSE', 116, NULL, 'GK', 'ARGENTINA', '17'),
	(1182, 'FABRICIO COLOCCINI', 116, NULL, 'FW', 'MEXICO', '25'),
	(1183, 'ROBERT ELLIOT', 116, NULL, 'GK', 'BELGIUM', '22'),
	(1184, 'DAN GOSLING', 116, NULL, 'FW', 'ENGLAND', '3'),
	(1185, 'STEPHEN HARPER', 116, NULL, 'MF', 'PORTUGAL', '20'),
	(1186, 'JONAS GUTIERREZ', 116, NULL, 'DF', 'UNITED STATES', '6'),
	(1187, 'TIMOTHY KRUL', 116, NULL, 'FW', 'SPAIN', '12'),
	(1188, 'SYLVAIN MARVEAUX', 116, NULL, 'DF', 'MEXICO', '9'),
	(1189, 'GABRIEL OBERTAN', 116, NULL, 'GK', 'UNITED STATES', '15'),
	(1190, 'JAMES PERCH', 116, NULL, 'GK', 'ARGENTINA', '4'),
	(1191, 'DANIEL SIMPSON', 116, NULL, 'MF', 'BELGIUM', '10'),
	(1192, 'RYAN TAYLOR', 116, NULL, 'GK', 'ITALY', '16'),
	(1193, 'STEVEN TAYLOR', 116, NULL, 'MF', 'ENGLAND', '11'),
	(1194, 'CHEICK TIOTE', 116, NULL, 'GK', 'ENGLAND', '7'),
	(1195, 'MIKE WILLIAMSON', 116, NULL, 'DF', 'NETHERLANDS', '18'),
	(1196, 'XISCO.', 116, NULL, 'DF', 'PORTUGAL', '14'),
	(1197, 'LEON BARNETT', 111, NULL, 'GK', 'ARGENTINA', '5'),
	(1198, 'SEBASTIAN BASSONG', 111, NULL, 'MF', 'ENGLAND', '13'),
	(1199, 'ELLIOTT BENNETT', 111, NULL, 'DF', 'BRAZIL', '21'),
	(1200, 'RYAN BENNETT', 111, NULL, 'GK', 'ARGENTINA', '8'),
	(1201, 'MARK BUNN', 111, NULL, 'FW', 'SPAIN', '19'),
	(1202, 'JACOB BUTTERFIELD', 111, NULL, 'MF', 'PORTUGAL', '24'),
	(1203, 'DAVID FOX', 111, NULL, 'MF', 'BRAZIL', '2'),
	(1204, 'JAVIER GARRIDO', 111, NULL, 'FW', 'SPAIN', '23'),
	(1205, 'GRANT HOLT', 111, NULL, 'FW', 'ITALY', '1'),
	(1206, 'WESLEY HOOLAHAN', 111, NULL, 'DF', 'SPAIN', '17'),
	(1207, 'JONATHAN HOWSON', 111, NULL, 'MF', 'NETHERLANDS', '25'),
	(1208, 'SIMEON JACKSON', 111, NULL, 'DF', 'ENGLAND', '22'),
	(1209, 'BRADLEY JOHNSON', 111, NULL, 'MF', 'SPAIN', '3'),
	(1210, 'SIMON LAPPIN', 111, NULL, 'FW', 'BELGIUM', '20'),
	(1211, 'CHRIS MARTIN', 111, NULL, 'FW', 'ITALY', '6'),
	(1212, 'RUSSELL MARTIN', 111, NULL, 'FW', 'ENGLAND', '12'),
	(1213, 'STEVEN MORISON', 111, NULL, 'FW', 'SPAIN', '9'),
	(1214, 'ANTHONY PILKINGTON', 111, NULL, 'GK', 'MEXICO', '15'),
	(1215, 'JOHN RUDDY', 111, NULL, 'MF', 'BELGIUM', '4'),
	(1216, 'ROBERT SNODGRASS', 111, NULL, 'GK', 'ENGLAND', '10'),
	(1217, 'ANDREW SURMAN', 111, NULL, 'FW', 'SPAIN', '16'),
	(1218, 'ALEXANDER TETTEY', 111, NULL, 'FW', 'SPAIN', '11'),
	(1219, 'MARC TIERNEY', 111, NULL, 'FW', 'MEXICO', '7'),
	(1220, 'MICHAEL TURNER', 111, NULL, 'GK', 'BRAZIL', '18'),
	(1221, 'STEVEN WHITTAKER.', 111, NULL, 'FW', 'ENGLAND', '14'),
	(1222, 'ROBERT GREEN', 120, NULL, 'GK', 'ENGLAND', '5'),
	(1223, 'SAMBA DIAKITE', 120, NULL, 'GK', 'ARGENTINA', '13'),
	(1224, 'ARMAND TRAORE', 120, NULL, 'GK', 'GERMANY', '21'),
	(1225, 'SHAUN DERRY', 120, NULL, 'MF', 'ARGENTINA', '8'),
	(1226, 'ANTON FERDINAND', 120, NULL, 'MF', 'BRAZIL', '19'),
	(1227, 'CLINTON HILL', 120, NULL, 'GK', 'SPAIN', '24'),
	(1228, 'JI-SUNG PARK', 120, NULL, 'MF', 'NETHERLANDS', '2'),
	(1229, 'ANDREW JOHNSON', 120, NULL, 'MF', 'SPAIN', '23'),
	(1230, 'DJIBRIL CISSE', 120, NULL, 'MF', 'MEXICO', '1'),
	(1231, 'ADEL TAARABT', 120, NULL, 'GK', 'ENGLAND', '17'),
	(1232, 'BRADLEY WRIGHT-PHILLIPS', 120, NULL, 'GK', 'SPAIN', '25'),
	(1233, 'JAMES MACKIE', 120, NULL, 'FW', 'ENGLAND', '22'),
	(1234, 'NEDUM ONUOHA', 120, NULL, 'GK', 'SPAIN', '3'),
	(1235, 'STEPHANE MBIA', 120, NULL, 'GK', 'SPAIN', '20'),
	(1236, 'RYAN NELSEN', 120, NULL, 'GK', 'PORTUGAL', '6'),
	(1237, 'KIERON DYER', 120, NULL, 'FW', 'ITALY', '12'),
	(1238, 'FABIO DA SILVA', 120, NULL, 'GK', 'SPAIN', '9'),
	(1239, 'HOGAN EPHRAIM', 120, NULL, 'DF', 'SPAIN', '15'),
	(1240, 'DAVID WAYNE HOILETT', 120, NULL, 'MF', 'SPAIN', '4'),
	(1241, 'BRIAN MURPHY', 120, NULL, 'FW', 'ITALY', '10'),
	(1242, 'ROBERT ZAMORA', 120, NULL, 'GK', 'BELGIUM', '16'),
	(1243, 'JULIO CESAR', 120, NULL, 'GK', 'ENGLAND', '11'),
	(1244, 'ALEJANDRO FAURLIN', 120, NULL, 'MF', 'BELGIUM', '7'),
	(1245, 'ESTEBAN GRANERO', 120, NULL, 'FW', 'PORTUGAL', '18'),
	(1246, 'JOSE BOSINGWA.', 120, NULL, 'FW', 'ARGENTINA', '14'),
	(1247, 'SIMON CHURCH', 119, NULL, 'GK', 'SPAIN', '5'),
	(1248, 'SHAUN CUMMINGS', 119, NULL, 'MF', 'ARGENTINA', '13'),
	(1249, 'CHRISTOPHER GUNTER', 119, NULL, 'MF', 'SPAIN', '21'),
	(1250, 'DANNY GUTHRIE', 119, NULL, 'GK', 'BELGIUM', '8'),
	(1251, 'IAN HARTE', 119, NULL, 'DF', 'GERMANY', '19'),
	(1252, 'JEM KARACAN', 119, NULL, 'GK', 'GERMANY', '24'),
	(1253, 'ADAM LE FONDRE', 119, NULL, 'DF', 'ENGLAND', '2'),
	(1254, 'MIKELE LEIGERTWOOD', 119, NULL, 'MF', 'ENGLAND', '23'),
	(1255, 'JOEL MCANUFF', 119, NULL, 'MF', 'PORTUGAL', '1'),
	(1256, 'ALEX MCCARTHY', 119, NULL, 'DF', 'SPAIN', '17'),
	(1257, 'GARATH MCCLEARY', 119, NULL, 'MF', 'SPAIN', '25'),
	(1258, 'ADRIAN MARIAPPA', 119, NULL, 'GK', 'UNITED STATES', '22'),
	(1259, 'ALEXANDER PEARCE', 119, NULL, 'DF', 'ENGLAND', '3'),
	(1260, 'JASON ROBERTS', 119, NULL, 'MF', 'ENGLAND', '20'),
	(1261, 'THOMAS ROBSON-KANU', 119, NULL, 'DF', 'BELGIUM', '6'),
	(1262, 'NICHOLAS SHOREY', 119, NULL, 'GK', 'SPAIN', '12'),
	(1263, 'JAY TABB', 119, NULL, 'GK', 'GERMANY', '9'),
	(1264, 'STUART TAYLOR', 119, NULL, 'DF', 'PORTUGAL', '15'),
	(1265, 'MIKKEL ANDERSEN', 119, NULL, 'MF', 'SPAIN', '4'),
	(1266, 'ADAM FEDERICI', 119, NULL, 'FW', 'SPAIN', '10'),
	(1267, 'KASPARS GORKSS', 119, NULL, 'GK', 'PORTUGAL', '16'),
	(1268, 'BRYNJAR GUNNARSSON', 119, NULL, 'DF', 'GERMANY', '11'),
	(1269, 'NOEL HUNT', 119, NULL, 'MF', 'ENGLAND', '7'),
	(1270, 'JIMMY KEBE', 119, NULL, 'GK', 'ENGLAND', '18'),
	(1271, 'PAVEL POGREBNYAK.', 119, NULL, 'MF', 'ARGENTINA', '14'),
	(1272, 'DANIEL BUTTERFIELD', 114, NULL, 'GK', 'MEXICO', '5'),
	(1273, 'RICHARD CHAPLOW', 114, NULL, 'MF', 'MEXICO', '13'),
	(1274, 'JACK CORK', 114, NULL, 'MF', 'ENGLAND', '21'),
	(1275, 'KELVIN DAVIS', 114, NULL, 'GK', 'SPAIN', '8'),
	(1276, 'STEVEN DAVIS', 114, NULL, 'GK', 'ITALY', '19'),
	(1277, 'STEVE DE RIDDER', 114, NULL, 'MF', 'MEXICO', '24'),
	(1278, 'RYAN DICKSON', 114, NULL, 'GK', 'SPAIN', '2'),
	(1279, 'GUILHERME DO PRADO', 114, NULL, 'FW', 'BELGIUM', '23'),
	(1280, 'JOSE FONTE', 114, NULL, 'DF', 'ARGENTINA', '1'),
	(1281, 'JONATHAN FORTE', 114, NULL, 'GK', 'ENGLAND', '17'),
	(1282, 'DANIEL FOX', 114, NULL, 'MF', 'GERMANY', '25'),
	(1283, 'JOS HOOIVELD', 114, NULL, 'DF', 'BELGIUM', '22'),
	(1284, 'ADAM LALLANA', 114, NULL, 'GK', 'BELGIUM', '3'),
	(1285, 'RICKIE LAMBERT', 114, NULL, 'GK', 'UNITED STATES', '20'),
	(1286, 'TADANARI LEE', 114, NULL, 'GK', 'BELGIUM', '6'),
	(1287, 'EMMANUEL MAYUKA', 114, NULL, 'DF', 'SPAIN', '12'),
	(1288, 'JASON PUNCHEON', 114, NULL, 'GK', 'MEXICO', '9'),
	(1289, 'GASTON RAMIREZ', 114, NULL, 'DF', 'ARGENTINA', '15'),
	(1290, 'FRAZER RICHARDSON', 114, NULL, 'MF', 'SWITZERLAND', '4'),
	(1291, 'JAY RODRIGUEZ', 114, NULL, 'MF', 'SPAIN', '10'),
	(1292, 'MORGAN SCHNEIDERLIN', 114, NULL, 'MF', 'MEXICO', '16'),
	(1293, 'DANIEL SEABORNE', 114, NULL, 'MF', 'SPAIN', '11'),
	(1294, 'MAYA YOSHIDA.', 114, NULL, 'FW', 'UNITED STATES', '7'),
	(1295, 'CHARLIE ADAM', 113, NULL, 'MF', 'NETHERLANDS', '18'),
	(1296, 'ASMIR BEGOVIC', 113, NULL, 'GK', 'GERMANY', '14'),
	(1297, 'GEOFF CAMERON', 113, NULL, 'DF', 'ENGLAND', '5'),
	(1298, 'PETER CROUCH', 113, NULL, 'FW', 'SWITZERLAND', '13'),
	(1299, 'RORY DELAP', 113, NULL, 'FW', 'SPAIN', '21'),
	(1300, 'MAURICE EDU', 113, NULL, 'FW', 'GERMANY', '8'),
	(1301, 'MATTHEW ETHERINGTON', 113, NULL, 'DF', 'ITALY', '19'),
	(1302, 'ROBERT HUTH', 113, NULL, 'MF', 'SPAIN', '24'),
	(1303, 'CAMERON JEROME', 113, NULL, 'GK', 'SWITZERLAND', '2'),
	(1304, 'KENWYNE JONES', 113, NULL, 'GK', 'PORTUGAL', '23'),
	(1305, 'MICHAEL KIGHTLY', 113, NULL, 'MF', 'NETHERLANDS', '1'),
	(1306, 'CARLO NASH', 113, NULL, 'DF', 'ITALY', '17'),
	(1307, 'STEVEN N’ZONZI', 113, NULL, 'MF', 'ITALY', '25'),
	(1308, 'MICHAEL OWEN', 113, NULL, 'DF', 'PORTUGAL', '22'),
	(1309, 'WILSON PALACIOS', 113, NULL, 'MF', 'SPAIN', '3'),
	(1310, 'JERMAINE PENNANT', 113, NULL, 'DF', 'SPAIN', '20'),
	(1311, 'RYAN SHAWCROSS', 113, NULL, 'DF', 'SPAIN', '6'),
	(1312, 'RYAN SHOTTON', 113, NULL, 'GK', 'PORTUGAL', '12'),
	(1313, 'THOMAS SORENSEN', 113, NULL, 'MF', 'SPAIN', '9'),
	(1314, 'MATTHEW UPSON', 113, NULL, 'MF', 'SPAIN', '15'),
	(1315, 'JONATHAN WALTERS', 113, NULL, 'MF', 'ENGLAND', '4'),
	(1316, 'GLENN WHELAN', 113, NULL, 'FW', 'UNITED STATES', '10'),
	(1317, 'DEAN WHITEHEAD', 113, NULL, 'FW', 'ENGLAND', '16'),
	(1318, 'ANDY WILKINSON', 113, NULL, 'FW', 'MEXICO', '11'),
	(1319, 'MARC WILSON.', 113, NULL, 'FW', 'UNITED STATES', '7'),
	(1320, 'PHILLIP BARDSLEY', 117, NULL, 'DF', 'ENGLAND', '18'),
	(1321, 'TITUS BRAMBLE', 117, NULL, 'FW', 'SPAIN', '14'),
	(1322, 'WESLEY BROWN', 117, NULL, 'DF', 'PORTUGAL', '5'),
	(1323, 'FRAZIER CAMPBELL', 117, NULL, 'DF', 'ITALY', '13'),
	(1324, 'LEE CATTERMOLE', 117, NULL, 'DF', 'PORTUGAL', '21'),
	(1325, 'JACK COLBACK', 117, NULL, 'DF', 'ENGLAND', '8'),
	(1326, 'CARLOS CUELLAR', 117, NULL, 'GK', 'NETHERLANDS', '19'),
	(1327, 'STEVEN FLETCHER', 117, NULL, 'FW', 'SPAIN', '24'),
	(1328, 'CRAIG GARDNER', 117, NULL, 'DF', 'UNITED STATES', '2'),
	(1329, 'ADAM JOHNSON', 117, NULL, 'FW', 'ENGLAND', '23'),
	(1330, 'MATTHEW KILGALLON', 117, NULL, 'FW', 'MEXICO', '1'),
	(1331, 'SEBASTIAN LARSSON', 117, NULL, 'FW', 'ENGLAND', '17'),
	(1332, 'JAMES MCCLEAN', 117, NULL, 'MF', 'ENGLAND', '25'),
	(1333, 'DAVID MEYLER', 117, NULL, 'FW', 'ARGENTINA', '22'),
	(1334, 'SIMON MIGNOLET', 117, NULL, 'FW', 'ITALY', '3'),
	(1335, 'JOHN O SHEA', 117, NULL, 'MF', 'SWITZERLAND', '20'),
	(1336, 'DANIEL ROSE', 117, NULL, 'DF', 'ENGLAND', '6'),
	(1337, 'LOUIS SAHA', 117, NULL, 'GK', 'UNITED STATES', '12'),
	(1338, 'STEPHANE SESSEGNON', 117, NULL, 'FW', 'ENGLAND', '9'),
	(1339, 'DAVID VAUGHAN', 117, NULL, 'FW', 'ITALY', '15'),
	(1340, 'KEIREN WESTWOOD.', 117, NULL, 'GK', 'NETHERLANDS', '4'),
	(1341, 'GERMAINE AGUSTIEN', 109, NULL, 'MF', 'SPAIN', '10'),
	(1342, 'LEON BRITTON', 109, NULL, 'FW', 'MEXICO', '16'),
	(1343, 'JONATHAN DE GUZMAN', 109, NULL, 'GK', 'ITALY', '11'),
	(1344, 'NATHAN DYER', 109, NULL, 'FW', 'BELGIUM', '7'),
	(1345, 'JOSE MANUEL FLORES', 109, NULL, 'GK', 'BRAZIL', '18'),
	(1346, 'MARK GOWER', 109, NULL, 'DF', 'ENGLAND', '14'),
	(1347, 'DANIEL GRAHAM', 109, NULL, 'GK', 'ENGLAND', '5'),
	(1348, 'PABLO HERNANDEZ', 109, NULL, 'DF', 'PORTUGAL', '13'),
	(1349, 'SUNG YEUNG KI', 109, NULL, 'GK', 'BRAZIL', '21'),
	(1350, 'LEROY LITA', 109, NULL, 'FW', 'ENGLAND', '8'),
	(1351, 'MICHU', 109, NULL, 'MF', 'SPAIN', '19'),
	(1352, 'GARRY MONK', 109, NULL, 'DF', 'MEXICO', '24'),
	(1353, 'LUKE MOORE', 109, NULL, 'MF', 'SPAIN', '2'),
	(1354, 'CURTIS OBENG', 109, NULL, 'MF', 'ENGLAND', '23'),
	(1355, 'WAYNE ROUTLEDGE', 109, NULL, 'GK', 'GERMANY', '1'),
	(1356, 'ETEY SHECHTER', 109, NULL, 'FW', 'SPAIN', '17'),
	(1357, 'ALAN TATE', 109, NULL, 'FW', 'ITALY', '25'),
	(1358, 'NEIL TAYLOR', 109, NULL, 'FW', 'GERMANY', '22'),
	(1359, 'GERHARD TREMMEL', 109, NULL, 'GK', 'ENGLAND', '3'),
	(1360, 'MICHEL VORM', 109, NULL, 'MF', 'MEXICO', '20'),
	(1361, 'ASHLEY WILLIAMS', 109, NULL, 'DF', 'SPAIN', '6'),
	(1362, 'ANGEL RANGEL.', 109, NULL, 'MF', 'PORTUGAL', '12'),
	(1363, 'HEURELHO GOMES', 105, NULL, 'GK', 'PORTUGAL', '9'),
	(1364, 'CARLO CUDICINI', 105, NULL, 'FW', 'ENGLAND', '15'),
	(1365, 'BRADLEY FRIEDEL', 105, NULL, 'FW', 'ENGLAND', '4'),
	(1366, 'HUGO LLORIS', 105, NULL, 'GK', 'ENGLAND', '10'),
	(1367, 'YOUNES KABOUL', 105, NULL, 'GK', 'ITALY', '16'),
	(1368, 'WILLIAM GALLAS', 105, NULL, 'MF', 'ENGLAND', '11'),
	(1369, 'EMMANUEL ADEBAYOR', 105, NULL, 'FW', 'SPAIN', '7'),
	(1370, 'JAN VERTONGHEN', 105, NULL, 'MF', 'SPAIN', '18'),
	(1371, 'BENOIT ASSOU-EKOTTO', 105, NULL, 'GK', 'SPAIN', '14'),
	(1372, 'SANDRO', 105, NULL, 'DF', 'UNITED STATES', '5'),
	(1373, 'YAGO FALQUE', 105, NULL, 'DF', 'MEXICO', '13'),
	(1374, 'GYLFI SIGURDSSON', 105, NULL, 'MF', 'ENGLAND', '21'),
	(1375, 'CLINT DEMPSEY', 105, NULL, 'GK', 'SPAIN', '8'),
	(1376, 'AARON LENNON', 105, NULL, 'FW', 'ENGLAND', '19'),
	(1377, 'KYLE WALKER', 105, NULL, 'FW', 'BELGIUM', '24'),
	(1378, 'KYLE NAUGHTON', 105, NULL, 'MF', 'SPAIN', '2'),
	(1379, 'MICHAEL DAWSON', 105, NULL, 'GK', 'PORTUGAL', '23'),
	(1380, 'MOUSA DEMBELE', 105, NULL, 'DF', 'ENGLAND', '1'),
	(1381, 'THOMAS HUDDLESTONE', 105, NULL, 'MF', 'ENGLAND', '17'),
	(1382, 'SCOTT PARKER', 105, NULL, 'FW', 'MEXICO', '25'),
	(1383, 'JAKE LIVERMORE', 105, NULL, 'MF', 'PORTUGAL', '22'),
	(1384, 'JERMAINE JENAS', 105, NULL, 'DF', 'PORTUGAL', '3'),
	(1385, 'GARETH BALE', 105, NULL, 'DF', 'SPAIN', '20'),
	(1386, 'JERMAIN DEFOE', 105, NULL, 'DF', 'SPAIN', '6'),
	(1387, 'DAVID BENTLEY.', 105, NULL, 'FW', 'ENGLAND', '12'),
	(1388, 'CHRISTOPHER BRUNT', 108, NULL, 'GK', 'ENGLAND', '9'),
	(1389, 'LUKE DANIELS', 108, NULL, 'FW', 'ENGLAND', '15'),
	(1390, 'CRAIG DAWSON', 108, NULL, 'FW', 'ENGLAND', '4'),
	(1391, 'GRAHAM DORRANS', 108, NULL, 'MF', 'SPAIN', '10'),
	(1392, 'YASSINE EL GHANASSY', 108, NULL, 'MF', 'BRAZIL', '16'),
	(1393, 'MARC-ANTOINE FORTUNE', 108, NULL, 'FW', 'ENGLAND', '11'),
	(1394, 'BEN FOSTER', 108, NULL, 'MF', 'BRAZIL', '7'),
	(1395, 'ZOLTAN GERA', 108, NULL, 'DF', 'NETHERLANDS', '18'),
	(1396, 'GONZALO JARA', 108, NULL, 'DF', 'ENGLAND', '14'),
	(1397, 'BILLY JONES', 108, NULL, 'DF', 'ITALY', '5'),
	(1398, 'SHANE LONG', 108, NULL, 'DF', 'PORTUGAL', '13'),
	(1399, 'GARETH MCAULEY', 108, NULL, 'FW', 'ENGLAND', '21'),
	(1400, 'JAMES MORRISON', 108, NULL, 'FW', 'BELGIUM', '8'),
	(1401, 'YOUSSOUF MULUMBU', 108, NULL, 'DF', 'UNITED STATES', '19'),
	(1402, 'GLYN MYHILL', 108, NULL, 'MF', 'ENGLAND', '24'),
	(1403, 'PETER ODEMWINGIE', 108, NULL, 'GK', 'SPAIN', '2'),
	(1404, 'JONAS OLSSON', 108, NULL, 'DF', 'MEXICO', '23'),
	(1405, 'GORAN POPOV', 108, NULL, 'MF', 'MEXICO', '1'),
	(1406, 'STEVEN REID', 108, NULL, 'GK', 'ENGLAND', '17'),
	(1407, 'LIAM RIDGEWELL', 108, NULL, 'DF', 'ITALY', '25'),
	(1408, 'NILS ROSENBERG', 108, NULL, 'FW', 'ENGLAND', '22'),
	(1409, 'GABRIEL TAMAS', 108, NULL, 'DF', 'SPAIN', '3'),
	(1410, 'JEROME THOMAS', 108, NULL, 'DF', 'UNITED STATES', '20'),
	(1411, 'CLAUDIO YACOB.', 108, NULL, 'DF', 'ENGLAND', '6'),
	(1412, 'YOSSI BENAYOUN', 110, NULL, 'MF', 'ARGENTINA', '12'),
	(1413, 'ANDREW CARROLL', 110, NULL, 'DF', 'ENGLAND', '9'),
	(1414, 'CARLTON COLE', 110, NULL, 'FW', 'ARGENTINA', '15'),
	(1415, 'JAMES COLLINS', 110, NULL, 'MF', 'BELGIUM', '4'),
	(1416, 'JACK COLLISON', 110, NULL, 'FW', 'NETHERLANDS', '10'),
	(1417, 'GUY DEMEL', 110, NULL, 'MF', 'PORTUGAL', '16'),
	(1418, 'MOHAMED DIAME', 110, NULL, 'MF', 'ITALY', '11'),
	(1419, 'ALOU DIARRA', 110, NULL, 'GK', 'SPAIN', '7'),
	(1420, 'STEPHEN HENDERSON', 110, NULL, 'GK', 'SPAIN', '18'),
	(1421, 'JUSSI JAASKELAINEN', 110, NULL, 'DF', 'ARGENTINA', '14'),
	(1422, 'MATTHEW JARVIS', 110, NULL, 'GK', 'ENGLAND', '5'),
	(1423, 'MODIBO MAIGA', 110, NULL, 'MF', 'ENGLAND', '13'),
	(1424, 'GEORGE MCCARTNEY', 110, NULL, 'GK', 'NETHERLANDS', '21'),
	(1425, 'MARK NOBLE', 110, NULL, 'GK', 'MEXICO', '8'),
	(1426, 'KEVIN NOLAN', 110, NULL, 'MF', 'ENGLAND', '19'),
	(1427, 'JOSEPH O BRIEN', 110, NULL, 'FW', 'ITALY', '24'),
	(1428, 'GARY O NEIL', 110, NULL, 'FW', 'NETHERLANDS', '2'),
	(1429, 'WINSTON REID', 110, NULL, 'GK', 'NETHERLANDS', '23'),
	(1430, 'JORDAN SPENCE', 110, NULL, 'FW', 'SPAIN', '1'),
	(1431, 'MATTHEW TAYLOR', 110, NULL, 'MF', 'BRAZIL', '17'),
	(1432, 'JAMES TOMKINS', 110, NULL, 'GK', 'SPAIN', '25'),
	(1433, 'RICARDO VAZ TE.', 110, NULL, 'MF', 'SPAIN', '22'),
	(1434, 'ALI AL-HABSI', 118, NULL, 'DF', 'ARGENTINA', '3'),
	(1435, 'ANTOLIN ALCARAZ', 118, NULL, 'GK', 'ENGLAND', '20'),
	(1436, 'JEAN BEAUSEJOUR', 118, NULL, 'FW', 'SPAIN', '6'),
	(1437, 'MAURO BOSELLI', 118, NULL, 'FW', 'SWITZERLAND', '12'),
	(1438, 'EMMERSON BOYCE', 118, NULL, 'GK', 'ARGENTINA', '9'),
	(1439, 'GARY CALDWELL', 118, NULL, 'FW', 'SPAIN', '15'),
	(1440, 'ALBERT CRUSAT', 118, NULL, 'FW', 'ENGLAND', '4'),
	(1441, 'FRANCO DI SANTO', 118, NULL, 'FW', 'NETHERLANDS', '10'),
	(1442, 'MAYNOR FIGUEROA', 118, NULL, 'FW', 'ARGENTINA', '16'),
	(1443, 'JORDI GOMEZ', 118, NULL, 'DF', 'ITALY', '11'),
	(1444, 'DAVID JONES', 118, NULL, 'GK', 'ENGLAND', '7'),
	(1445, 'AROUNA KONE', 118, NULL, 'MF', 'SPAIN', '18'),
	(1446, 'PISCU', 118, NULL, 'DF', 'ENGLAND', '14'),
	(1447, 'SHAUN MALONEY', 118, NULL, 'DF', 'ARGENTINA', '5'),
	(1448, 'JAMES MCARTHUR', 118, NULL, 'FW', 'ENGLAND', '13'),
	(1449, 'JAMES MCCARTHY', 118, NULL, 'GK', 'ITALY', '21'),
	(1450, 'MICHAEL POLLITT', 118, NULL, 'GK', 'SPAIN', '8'),
	(1451, 'IVAN RAMIS', 118, NULL, 'DF', 'BELGIUM', '19'),
	(1452, 'RONNIE STAM', 118, NULL, 'FW', 'GERMANY', '24'),
	(1453, 'BEN WATSON.', 118, NULL, 'DF', 'PORTUGAL', '2');
ALTER TABLE CLUB   ADD  CONSTRAINT FK_CLUB_COACH FOREIGN KEY(COACHID)
REFERENCES COACH (COACHID);

ALTER TABLE CLUB   ADD  CONSTRAINT FK_CLUB_STADIUM FOREIGN KEY(STADIUMID)
REFERENCES STADIUM (STADIUMID);

ALTER TABLE PLAYER   ADD  CONSTRAINT FK_PLAYER_CLUB FOREIGN KEY(CLUBID)
REFERENCES CLUB (CLUBID);